<?xml version="1.0" encoding="UTF-8" ?>
<module>
	<name>sumuppaymentgateway</name>
	<displayName><![CDATA[SumUp Online Payments Gateway]]></displayName>
	<version><![CDATA[1.4.1]]></version>
	<description><![CDATA[SumUp Payments is the optimal solution for accepting card payments, in store or on the road.]]></description>
	<author><![CDATA[PrestaLogik]]></author>
	<tab><![CDATA[administration]]></tab>
	<is_configurable>1</is_configurable>
	<need_instance>1</need_instance>
	<limited_countries></limited_countries>
</module>